{
 "ETZhigh": 0.00004601,
 "ETZlow": 0.00002801
}
