{
 "ETZhigh": 00.00004601,
 "ETZlow": 0.00003501
}
