{
 "ETZhigh": 0.00012999,
 "ETZlow": 0.0001017
}
