{
 "ETZhigh": 0.00004601,
 "ETZlow": 1.00002801
}
