{
  "PGNhigh": 0.00012600,
  "PGNlow": 0.00010170
}
