{
  "PGNhigh": 0.00000012,
  "PGNlow": 0.00000007
}
