{
  "X12high": 0.00012999,
  "X12low": 0.00010170
}
