{
  "X12high": 0.00013000,
  "X12low": 0.00011000
}
