{
  "X12high": 0.00011000,
  "X12low": 0.00006270
}
