{
  "X12high": 0.00012000,
  "X12low": 0.00010170
}
