{
  "X12high": 0.00015001,
  "X12low": 0.00010000
}
