{
  "X12high": 0.00012100,
  "X12low": 0.00010200
}
