{
  "X12high": 0.00010000,
  "X12low": 0.00006270
}
