{
  "X12high": 0.00010900,
  "X12low": 0.00010170
}
