{
  "X12high": 0.00012600,
  "X12low": 0.00010170
},
{
  "ETZhigh": 0.00012999,
  "ETZlow": 0.00010170
}
