{
  "X12high": 0.00014001,
  "X12low": 0.00010000
}
