{
  "X12high": 0.00012600,
  "X12low": 0.00010170
}
